Address,Token
stake_test1uz7lwepxz9v0ks5tmx6m6nt436jm9c9r88mdlsydt70vnng9sr59q,9c8e9da7f81e3ca90485f32ebefc98137c8ac260a072a00c4aaf142d4d657368546f6b656e
stake_test1uz7lwepxz9v0ks5tmx6m6nt436jm9c9r88mdlsydt70vnng9sr59q,9c8e9da7f81e3ca90485f32ebefc98137c8ac260a072a00c4aaf142d4d657368546f6b656e
stake_test1uz7lwepxz9v0ks5tmx6m6nt436jm9c9r88mdlsydt70vnng9sr59q,9c8e9da7f81e3ca90485f32ebefc98137c8ac260a072a00c4aaf142d4d657368546f6b656e
stake_test1uz7lwepxz9v0ks5tmx6m6nt436jm9c9r88mdlsydt70vnng9sr59q,9c8e9da7f81e3ca90485f32ebefc98137c8ac260a072a00c4aaf142d4d657368546f6b656e
stake_test1uz7lwepxz9v0ks5tmx6m6nt436jm9c9r88mdlsydt70vnng9sr59q,9c8e9da7f81e3ca90485f32ebefc98137c8ac260a072a00c4aaf142d4d657368546f6b656e
stake_test1uq27r7vwa856a4l7ax3h383a6wspwep9algrs9zryvut2vskt0f8l,9c8e9da7f81e3ca90485f32ebefc98137c8ac260a072a00c4aaf142d4d657368546f6b656e
stake_test1uz7lwepxz9v0ks5tmx6m6nt436jm9c9r88mdlsydt70vnng9sr59q,9c8e9da7f81e3ca90485f32ebefc98137c8ac260a072a00c4aaf142d4d657368546f6b656e
stake_test1uz7lwepxz9v0ks5tmx6m6nt436jm9c9r88mdlsydt70vnng9sr59q,9c8e9da7f81e3ca90485f32ebefc98137c8ac260a072a00c4aaf142d4d657368546f6b656e
stake_test1uq27r7vwa856a4l7ax3h383a6wspwep9algrs9zryvut2vskt0f8l,9c8e9da7f81e3ca90485f32ebefc98137c8ac260a072a00c4aaf142d4d657368546f6b656e
stake_test1uz7lwepxz9v0ks5tmx6m6nt436jm9c9r88mdlsydt70vnng9sr59q,9c8e9da7f81e3ca90485f32ebefc98137c8ac260a072a00c4aaf142d4d657368546f6b656e
stake_test1uz7lwepxz9v0ks5tmx6m6nt436jm9c9r88mdlsydt70vnng9sr59q,9c8e9da7f81e3ca90485f32ebefc98137c8ac260a072a00c4aaf142d4d657368546f6b656e
stake_test1uz7lwepxz9v0ks5tmx6m6nt436jm9c9r88mdlsydt70vnng9sr59q,9c8e9da7f81e3ca90485f32ebefc98137c8ac260a072a00c4aaf142d4d657368546f6b656e
stake_test1urzlpmsnyp7d9nzr5e20ujhxqpzx50jayf8up28xnc9ywyqfaj9as,9c8e9da7f81e3ca90485f32ebefc98137c8ac260a072a00c4aaf142d4d657368546f6b656e
stake_test1uz7lwepxz9v0ks5tmx6m6nt436jm9c9r88mdlsydt70vnng9sr59q,9c8e9da7f81e3ca90485f32ebefc98137c8ac260a072a00c4aaf142d4d657368546f6b656e
stake_test1uz7lwepxz9v0ks5tmx6m6nt436jm9c9r88mdlsydt70vnng9sr59q,9c8e9da7f81e3ca90485f32ebefc98137c8ac260a072a00c4aaf142d4d657368546f6b656e
stake_test1uz7lwepxz9v0ks5tmx6m6nt436jm9c9r88mdlsydt70vnng9sr59q,9c8e9da7f81e3ca90485f32ebefc98137c8ac260a072a00c4aaf142d4d657368546f6b656e
stake_test1uz7lwepxz9v0ks5tmx6m6nt436jm9c9r88mdlsydt70vnng9sr59q,9c8e9da7f81e3ca90485f32ebefc98137c8ac260a072a00c4aaf142d4d657368546f6b656e